AIC,R2_adjusted,Deviance_explained,RMSE
-8731.005262611317,0.19297488546956698,0.1960609412160257,0.17675800667039077
