Year,R,slope,p_value,trend
2024,0.21302975261931145,3.576443737466876e-4,4.931040377466623e-25,Greening
2023,-0.09622516963139964,-3.29907888589404e-4,1.137996431165697e-6,Stable
2022,0.3399592130016088,0.0012680918677718607,1.3901522226278378e-61,Greening
2021,-0.22163295774558964,-6.704468600361505e-4,8.799409730306082e-18,Suppression
2020,0.019692848004144465,3.810420432872974e-5,0.4138401521511229,Stable
2019,0.037621125901411145,5.1552529096432015e-5,0.12847973431637966,Stable
2018,0.05596765473832014,1.2974251366568357e-4,0.035608773109414495,Stable
2017,0.08602196575871301,1.287909173319445e-4,0.016189717736071977,Stable
